,A,B,C,D
2000-01-01,1.4169820187323348,-0.15266898773433984,0.3614618491245441,-0.17031372551783186
2000-01-02,0.46031881557300736,-0.34060065909000314,-0.9122883518067253,0.5633816621290952
2000-01-03,2.762889080214131,-0.9614014435000889,1.368906908871438,0.6166211303034139
2000-01-04,1.258160301511024,-2.0302558335668985,1.6733339114072194,1.5625142861142747
2000-01-05,2.0976179162314015,-3.700630761265924,1.2981090615726392,1.2869177908523
2000-01-06,2.4003125089657114,-3.8889144338698616,-0.11527465432509598,1.840290742392288
2000-01-07,1.066148974766112,-4.119871309240415,1.3808917451723044,2.481020462729684
2000-01-08,1.873103867539872,-5.059195728261253,0.6344075404818718,3.01392979908226
2000-01-09,1.9829123045246055,-5.087885878615816,1.5896302638004816,2.059723154179486
2000-01-10,1.639745430379007,-6.6699508235821465,4.466204218232386,1.1417112575947006
2000-01-11,0.8863000623566372,-4.239381657799331,4.263551831896041,0.717567084392853
2000-01-12,2.2055142062003217,-4.162957329875941,4.45476703143716,0.6211358012998496
2000-01-13,2.735450344403053,-3.869707218529977,4.252071769396295,0.1060765609319474
2000-01-14,2.26649714731805,-1.390631781576955,3.1273580888934553,1.5246269266605375
2000-01-15,1.5005692515186038,-0.6398831853743462,1.6115798769695961,1.0867899947663962
2000-01-16,2.387231119982624,-1.2048326883305984,0.4035812548904949,1.860914832291923
2000-01-17,4.375466740506675,-0.4250983588590166,0.8726452583908197,1.945460328287592
2000-01-18,4.7155400046039,-0.3484765793867333,2.493666451124497,1.5974181853578342
2000-01-19,4.674079117823659,-0.04731778463063574,1.149129658839921,2.1784279075417934
2000-01-20,5.294945535500945,-0.5714207257759975,1.1385465147799898,2.362360001616558
2000-01-21,5.344973591868295,0.13505244073499456,0.10745321813791908,4.3227908200975556
2000-01-22,6.6111944499026585,0.8860668755055342,-0.5897863014678182,4.626836058494957
2000-01-23,7.1480739233782655,-0.04075476608390294,-2.106710129795964,3.19129654718733
2000-01-24,8.957244715323085,2.4155143531325667,-4.349425727065356,3.618642336101602
2000-01-25,9.773128895788771,-0.4355945348544492,-3.85309475984159,2.9511987829036417
2000-01-26,9.901696739379512,0.7246030675415223,-3.3394850265234277,1.5480199919360031
2000-01-27,10.293897048367972,0.7360631544268639,-4.4397245939999355,2.040645481319938
2000-01-28,9.843866606241418,-0.5074403102378899,-5.990018577451907,2.8867264301342344
2000-01-29,10.317893234199623,0.08474646250596807,-5.4236217243841836,3.0561653053068683
2000-01-30,11.350654482593741,0.16619368403207066,-3.866883906771402,3.7138697269083547
2000-01-31,12.799698244889745,-1.2607349895257527,-2.96042088395382,3.8600318065786343
2000-02-01,12.397068129164795,-1.9055475124764252,-2.6341373323052624,4.025239601451915
2000-02-02,13.646639472950866,-0.19307521790501547,-1.459213730982108,5.031602366252444
2000-02-03,14.233845549389947,-0.031185131857341064,-2.0381336532941536,6.421050211402609
2000-02-04,14.180978225900013,0.7251463852834058,-3.45731718534688,5.872171381057537
2000-02-05,13.319307749280574,-0.09278400184262536,-3.387329546195624,5.10079164850467
2000-02-06,13.880188252569079,-0.10036674766518118,-3.9675238642946877,6.679845445829545
2000-02-07,15.246102145028713,0.08297750832397634,-4.12587644457868,6.449282953552594
2000-02-08,15.17892063747146,0.7469446540146717,-4.778053943665425,6.324345916809448
2000-02-09,15.740858068311066,1.2832422291193595,-4.625519101030754,6.131873744439334
2000-02-10,16.371633208953785,0.14326804053285702,-5.9666995084453625,7.5683017907846075
2000-02-11,15.902496137969353,-0.41810704536689414,-5.582792361610081,8.288634436090836
2000-02-12,15.764681875287515,-1.4861956731354558,-7.074043214045887,7.3455836998765305
2000-02-13,14.832774293459106,-1.6829292036943717,-6.8802935320743,7.436674581785727
2000-02-14,14.056900927146614,-0.9269671445039164,-6.444233829407453,7.712618173561777
2000-02-15,12.849174490248233,-0.8302502545027609,-5.876695674005318,6.945267895529829
2000-02-16,14.204424415618714,-0.9550317146327999,-8.026283791894466,6.635182169387497
2000-02-17,13.619428196076655,-2.0505430265406246,-8.144029186378933,6.797257763810271
2000-02-18,14.720839180155098,-2.1507602332792515,-9.808066078743819,7.151460102859653
2000-02-19,15.03860232780997,-0.7561024460467816,-11.529463525212373,8.013880629850066
2000-02-20,13.664445171908044,-1.4991366953193006,-10.877153462944468,8.45675338260362
2000-02-21,14.668667103161377,-1.0761394177639179,-10.23808748457058,7.956291928514256
2000-02-22,13.538928747233594,-1.2373231058620358,-10.600128710121947,9.431514815701588
2000-02-23,12.581351144491517,-1.2999365236561466,-10.396451328233674,9.592636796012252
2000-02-24,10.81740926721609,0.41509705202344427,-9.494798124403538,9.08911226474737
2000-02-25,10.833146773413196,1.2347696026293788,-7.795974175649171,9.047038532584763
2000-02-26,11.044861370371116,0.8638710607684812,-8.35471027821603,7.182909786956519
2000-02-27,9.692321794702604,0.36273086900911666,-8.655891077268135,7.085272774327985
2000-02-28,11.913178052142122,1.260680931195085,-9.668596009932166,6.528019799850256
2000-02-29,11.555076547690463,1.3452742850624697,-9.382222219675024,4.607377764241035
2000-03-01,10.340765999281352,1.3556922751020704,-10.218157619521666,2.488920682836792
2000-03-02,9.276446807571265,1.7916274208169125,-11.101993444610102,1.7053663302336939
2000-03-03,9.43161815254111,1.0073096000304913,-11.511758557457092,2.611881180182561
2000-03-04,9.255646952372942,-1.2878072266106741,-12.823863083882214,2.5518654307086623
2000-03-05,9.271830419192563,-1.1357015566978221,-13.101289711791061,0.6764913866016151
2000-03-06,8.878071306396393,-0.6652055698558709,-13.900675100528963,-0.6938224433810221
2000-03-07,8.720630064185178,-2.1946386609364623,-14.472575832658412,-0.08270788338679991
2000-03-08,9.086207552719348,-4.324963147571793,-13.778046827276787,0.026199694451499195
2000-03-09,10.172692043970647,-2.683587167861284,-14.744084718447988,0.0682124078590135
2000-03-10,10.668617083550451,-0.8754316975273164,-13.583341301008627,0.12118901157403733
2000-03-11,12.188511840917066,0.6968249659252495,-12.569459382764698,0.01484280203889038
2000-03-12,12.79835239322503,-0.4148663000396573,-13.304059882180852,-0.12333813079018044
2000-03-13,12.370834545395532,-0.7658478833051325,-14.010259822514255,-0.2113157480636997
2000-03-14,11.658184622193565,-0.8962587727269258,-13.538087660839745,-0.3555925800823222
2000-03-15,11.425544967388829,-0.8745218044900951,-13.744262728639882,-2.751996314676793
2000-03-16,11.630683098643635,-1.4097021638465632,-11.960494205571765,-2.9452365111009
2000-03-17,10.649105024893336,-0.642167329742797,-9.829478246046598,-0.7197840392763846
2000-03-18,9.651790814231907,-1.6722089830558038,-9.14547466767509,-0.31196307562986464
2000-03-19,10.646222742857933,-3.6410195298884593,-6.624821708552657,0.9165567360068905
2000-03-20,11.064745954539832,-2.2087632947155234,-6.586896451986894,-0.8452631838884863
2000-03-21,10.196581824234142,-1.3215437234537926,-6.745923755488522,-0.5808665110914677
2000-03-22,10.19461505829003,-0.0011893281756210072,-7.617540605039263,-1.2020771780941262
2000-03-23,9.015542699705263,-0.22679899387084562,-8.616726781526681,-0.44290137271606755
2000-03-24,8.783424020989301,0.1434504179638018,-9.0131810176811,-1.3861532379921484
2000-03-25,8.218967241861035,-0.9888172751755935,-10.00755727708646,-3.4771874113508465
2000-03-26,6.911120355627005,-0.668121532413271,-9.451984064875555,-2.6543250406574277
2000-03-27,8.481387844774623,-0.11533323456318079,-8.552848211761246,-2.6793880818896625
2000-03-28,6.432385805221586,0.9171301466780739,-8.349056163705685,-3.30385812268969
2000-03-29,8.167432781491911,2.14683838895204,-8.22357726828949,-2.664839273683307
2000-03-30,8.35183433389644,0.17591667065071936,-7.940478033842452,-2.7631774240204376
2000-03-31,8.085016748332533,-0.1334034538577396,-8.356274757574745,-1.9255382658491977
2000-04-01,7.201810159824775,-0.24217936057047673,-7.122025613909578,-0.43681888558332993
2000-04-02,7.146403391437256,-0.013504776744616837,-8.921571578960073,-2.0423024858276313
2000-04-03,6.398557849192341,0.4785149689314513,-8.1682146147703,-2.0492281190352286
2000-04-04,6.18706296770978,0.9911176879581699,-8.718924104721534,-2.6744602366133674
2000-04-05,6.207784478447252,0.8894146367757446,-9.805676553354832,-4.830322461439511
2000-04-06,4.558567974197331,-0.19721096816004657,-9.845419944976694,-5.07536770814639
2000-04-07,4.735557585310096,2.1878892232841065,-9.266009149260675,-3.849701946696353
2000-04-08,4.8850672132529445,1.156753781973498,-10.739762073997506,-3.2953371872000554
2000-04-09,5.720478977990139,1.610461570819198,-9.86350451056865,-2.7296705255321987
2000-04-10,6.984572005222567,-0.14668592935658387,-9.607368082722953,-2.7672174405593575
2000-04-11,5.549673071122754,-0.9190896170394788,-8.951772291473425,-3.3024850116538533
2000-04-12,5.93612235294765,0.20976466394980242,-8.942283222590953,-3.4303676652818704
2000-04-13,8.454921965246584,-0.7413994060951333,-9.696030778850012,-3.969618870646012
2000-04-14,9.381232549251378,-0.9142601954287127,-10.585227000181307,-6.156784963686047
2000-04-15,8.222782026233281,-0.3551561271177489,-11.871945459612192,-6.03027504775816
2000-04-16,7.830812060193145,0.027849196742129767,-10.744833213779533,-7.911289257622979
2000-04-17,5.923189720642941,-0.14730103382756285,-9.106271076918231,-7.976232207533812
2000-04-18,5.407572962208805,-1.548362341550452,-8.24655720203922,-7.825699406545517
2000-04-19,4.952864689934275,-0.6511308188285253,-7.170068886590647,-9.539803287498515
2000-04-20,6.918933956595833,0.6396953037578469,-8.795336496007828,-10.819853381393315
2000-04-21,6.335370689878404,0.23830485546071917,-9.418835814091496,-11.265375874535266
2000-04-22,6.480619991133532,-0.746688597789045,-10.140752441229674,-10.932170114859343
2000-04-23,6.830145365324466,-0.34633435773840276,-10.423179911042977,-10.684463442517382
2000-04-24,6.3253039285050106,-0.7894079046215519,-12.294902105372397,-9.557973786750344
2000-04-25,7.305761525046406,-0.246577860323258,-11.446394166053372,-9.801879308162322
2000-04-26,7.00900482168354,-0.16040565170347038,-9.574334560266784,-10.726114467111547
2000-04-27,5.17096837345093,-1.8285552511030534,-7.604561464133226,-10.782477907357086
2000-04-28,5.138152228988123,-1.864131021613474,-8.26714290673358,-9.41541470072445
2000-04-29,5.0087979881891584,-1.7581265703413433,-7.96930499922161,-10.774290108674808
2000-04-30,5.535986727734846,-2.1355158687100326,-7.663610707315391,-9.716768893482465
2000-05-01,5.206651590863538,-1.5815990369240334,-7.641783502472667,-9.28098684012471
2000-05-02,4.6655805076890084,-2.841234603869557,-6.611391224476442,-11.416520267055267
2000-05-03,6.350849767376683,-3.339219320018584,-8.134064749192593,-12.0036676864135
2000-05-04,4.355748137402506,-3.2955024653768668,-10.089733435229995,-10.95095478299443
2000-05-05,4.267279152860519,-0.5319352307047609,-9.154198908917603,-10.473520972730475
2000-05-06,5.461088163510565,-1.4079254554571143,-11.474992038854907,-9.914301000572651
2000-05-07,6.024128389087126,-1.249473877085154,-12.151211075879118,-10.414628513008072
2000-05-08,4.126917704569498,-0.9255424505554921,-12.014798199507512,-10.067372942503201
2000-05-09,4.265448874276558,-1.5115272361389627,-12.526878935165717,-9.656776147204921
2000-05-10,4.10994040100772,-0.5140943987877278,-11.467008565188223,-8.48226791367638
2000-05-11,4.730711498891883,-0.8237248465707644,-11.176690596172403,-9.06378714871564
2000-05-12,4.436530270314072,0.01800065523600991,-11.00834486963109,-9.71848796903377
2000-05-13,4.1781369781710636,-0.04953934588973764,-11.276381119888363,-9.90134344346553
2000-05-14,3.407945930950072,0.6578302991250402,-12.987924963030986,-10.598174969021048
2000-05-15,3.4037606021310847,-0.5303630131651265,-12.444137830686781,-10.388130505936742
2000-05-16,2.5217295988301975,0.08743530051959336,-13.070813511864683,-10.425756584314922
2000-05-17,2.9619748489693416,-1.188468915147109,-13.105597217494639,-11.776713873607493
2000-05-18,2.4826644628613272,-1.2977697417988903,-12.645975864852414,-11.540508411961273
2000-05-19,3.489358276874868,-0.6347248563935967,-11.669732544526035,-11.803465082131307
2000-05-20,3.6829364826792217,-0.6898422320093319,-12.55033464443559,-13.187029608320573
2000-05-21,2.681565031284784,-1.5905574625115666,-13.900209521171018,-11.07198015507598
2000-05-22,3.0898528841635278,0.7727055640242433,-13.208401114950078,-10.864548608134793
2000-05-23,3.488975519971609,-1.2350846839157248,-12.904797004753242,-8.680329674094814
2000-05-24,3.7630461721458994,-2.2368883043066625,-13.087578283124792,-8.569795431468926
2000-05-25,3.50484668600906,-2.5866867987999966,-13.638369584842486,-7.562451671030184
2000-05-26,5.165969119605608,-0.9446501644760352,-13.506602620338345,-7.43452155603069
2000-05-27,6.302503127082952,-1.6758052965289671,-12.478757243278944,-7.606953790288922
2000-05-28,5.260940519185383,-1.348678024660697,-13.650929975802622,-7.4547566181902
2000-05-29,4.973513861851786,-1.1284082722729152,-14.94076029074766,-9.54820050981868
2000-05-30,4.922768025447495,-1.2162870410672444,-16.279829896437157,-9.14996612178235
2000-05-31,5.430370015007786,-1.144355991206702,-15.842147794376624,-9.905032298007141
2000-06-01,4.13914959552913,-0.9437987826658032,-15.069348050985386,-11.200301834095178
2000-06-02,4.599064786050889,-2.571903994894079,-14.616853809944526,-10.659299383321725
2000-06-03,5.284991230952751,-1.954332671822478,-14.54392072808359,-11.641066840559953
2000-06-04,6.7380119498598265,-0.25001142103029794,-13.924092173976053,-11.583866150653673
2000-06-05,6.462945169413213,-0.9744263257955891,-13.185476498676541,-11.296717071038275
2000-06-06,6.964274969039906,-1.2700616701993686,-13.036208535077922,-10.59881069791715
2000-06-07,8.936861385274277,-3.0510799971856475,-11.825687961347835,-10.370602526653025
2000-06-08,8.458485139900088,-4.706186849028507,-12.319044221731957,-10.016644403231487
2000-06-09,8.548073116424007,-2.366503322079324,-11.338165418546733,-10.555351400438635
2000-06-10,7.220938656098674,-1.7930765726708553,-11.333058309200275,-9.562487971577951
2000-06-11,7.168836756617243,-3.609466098930753,-11.298971544837567,-9.105337382600629
2000-06-12,6.762615582049585,-2.5443090653352645,-11.282498172195357,-9.141406697572458
2000-06-13,6.932080778090641,-1.5905942536507234,-11.942651769038251,-9.768959374477959
2000-06-14,6.4025000761635145,-0.2481827401722423,-12.779194997111627,-11.540005050283167
2000-06-15,6.654450674102925,1.0124015974188427,-11.893672812738123,-10.783289716624953
2000-06-16,7.27923261029684,1.3500851081696474,-11.45298248950007,-10.075816872930272
2000-06-17,4.244929344081644,0.6030732577782194,-11.680439863264525,-10.022757200858456
2000-06-18,4.966463895108136,1.8401819661278354,-10.851138359892701,-11.53293477531336
2000-06-19,4.370512198006541,1.6863717822194118,-11.952080019714383,-12.208241123206005
2000-06-20,6.549627420054125,1.1434645730224364,-11.85748105248619,-11.727959227242247
2000-06-21,6.391412855638959,0.9961051785469782,-12.650057979583472,-11.463779319710685
2000-06-22,6.418750722368273,0.7170168060366222,-15.097002992284732,-11.71473244763872
2000-06-23,7.621840234631364,-0.0886529683285846,-16.427500224535365,-10.760522971374293
2000-06-24,8.591410158516018,0.6235040924289508,-16.511674249102775,-11.837644757883092
2000-06-25,8.290530861038102,0.9528129918638539,-16.774322389615634,-10.540385372039527
2000-06-26,7.897550546999749,2.424858353888013,-16.610396891978898,-11.15043805415432
2000-06-27,7.081169609759168,4.6687924693383795,-17.66037501186436,-11.765852671989371
2000-06-28,8.588821886439336,2.9881906217020524,-17.018329998675068,-12.087896778989215
2000-06-29,9.239475089319777,3.855777568760914,-15.943228974566741,-12.785462388893777
2000-06-30,8.5842329885568,3.813479589552066,-17.204511873229887,-11.014431337604634
2000-07-01,8.39110265644827,2.559907839931986,-17.162936319359705,-10.787131810501556
2000-07-02,7.97277309038705,3.3491031887008726,-16.00448632016844,-11.911354335437544
2000-07-03,7.41330649050621,3.047734136332206,-14.65856209387514,-10.61411887442048
2000-07-04,8.85524836743826,1.050415475121665,-14.39662541068728,-11.114714371332555
2000-07-05,9.75694728898099,2.2382577526664296,-12.6654481266828,-8.495590313778914
2000-07-06,8.97566848996654,1.977782209354532,-12.384714256493973,-9.091726490239292
2000-07-07,9.360139691229147,3.3653354722616067,-14.285780984893954,-7.290435858631538
2000-07-08,9.849489506635733,3.757912668915737,-13.628346436415427,-8.479424996332797
2000-07-09,10.845033070911608,5.63599021067394,-14.703031608593694,-9.875327060046208
2000-07-10,10.376149450733621,6.78908167409549,-13.347591002135779,-8.291890647330725
2000-07-11,11.325943909878387,5.333914029826456,-13.171169203453058,-8.41840415480797
2000-07-12,10.112646022438266,4.6514130968734655,-14.16000077919057,-8.730132495239816
2000-07-13,10.523553969169146,3.7091786715646817,-14.103130356750324,-8.519173457835066
2000-07-14,9.287422893188173,2.450177845663309,-13.670957647480893,-9.410601862657106
2000-07-15,10.677368524510777,1.0682907557810168,-13.780569223007365,-10.69723217387332
2000-07-16,10.956597136646383,0.2694499260583002,-14.728760751593812,-9.194146553145494
2000-07-17,9.79780650858093,-0.3324321781963888,-15.847387330128173,-10.631099042603463
2000-07-18,8.965910501542218,-0.4216990356295524,-16.392736695446512,-10.473332493832185
2000-07-19,8.830158479937564,-1.5085447012557633,-16.234004273884693,-10.115121869258127
2000-07-20,10.173504917954931,-2.3511086004157913,-18.16481139221099,-10.757167594427324
2000-07-21,11.207436877794107,-2.001945521227269,-19.875353773925728,-10.84202140557742
2000-07-22,11.38980780150034,-0.11238836439008915,-19.322773204532144,-10.460891181235008
2000-07-23,12.172900834350491,-1.1669844164215386,-19.400533670898568,-10.153342765632694
2000-07-24,10.648856260286985,-1.601332269095729,-19.294730780229173,-10.307392246528243
2000-07-25,11.808722430355642,-1.5324501764991665,-19.001109410669468,-11.604954882437438
2000-07-26,12.106668768823754,-0.6186796429854159,-18.595043805216545,-12.153749305333534
2000-07-27,11.643707149718994,0.16426884955085352,-18.662378909112658,-11.93588849297681
2000-07-28,11.669211868994937,1.0151189800372264,-18.404951675014498,-13.76672878021644
2000-07-29,11.528171473983265,0.02806958582269492,-16.989694973413574,-11.376194141092764
2000-07-30,11.908459150984083,-0.19756497421131838,-16.830089857835564,-10.316395952436215
2000-07-31,11.604012515088959,0.048915424089185366,-16.458070166805708,-8.966904893399969
2000-08-01,11.918238722185603,0.7040403244223854,-16.774319395819603,-7.548050900115829
2000-08-02,13.385164488299967,-0.13653090071739804,-15.463465737882164,-9.496552417840306
2000-08-03,13.875393368882923,-0.4713544331260272,-14.432744366552699,-8.967456429014751
2000-08-04,12.821741634853097,0.7741081373346338,-12.313829361932434,-7.185608090369469
2000-08-05,12.152561642028754,1.1268660215751607,-12.106267601731542,-5.687125148377884
2000-08-06,11.093484313195388,1.998319933045222,-12.53728452134033,-4.574740887430874
2000-08-07,11.884257634943566,1.9818778003924076,-10.928121422270396,-4.916968367109316
2000-08-08,11.32187399672747,0.30667903453048617,-10.730192317149974,-6.109981339584056
2000-08-09,12.273169248799894,-0.3796689892950623,-10.904979424489778,-5.788023110494322
2000-08-10,11.474293380354805,1.8761928338596099,-10.249949231166516,-6.534954221182981
2000-08-11,10.377849762270198,1.7076770244114983,-11.523358102044261,-6.798972337433342
2000-08-12,12.12172357838838,1.0399719738171753,-11.550366493466866,-7.417938082200223
2000-08-13,13.071255147707305,0.7375707294398115,-11.139071958679313,-7.64439081731315
2000-08-14,12.216551090450313,2.383482759415782,-10.735099169981536,-8.3664760712849
2000-08-15,9.16416871438464,3.6394100730761427,-12.18334561826319,-8.444866003258937
2000-08-16,11.023442083448634,5.310218582476296,-12.01246429661538,-6.9227415090497875
2000-08-17,10.214917180571929,4.009957861549485,-13.18849051221116,-4.384348807390892
2000-08-18,9.10991872132756,3.3935478116220636,-14.12706642399254,-4.255255236256708
2000-08-19,10.703169723664418,1.593288776648709,-12.65585134456045,-6.304544370726265
2000-08-20,9.550343912443621,2.525612714946626,-12.756379611788347,-6.39048472064082
2000-08-21,11.286307968734176,3.9773771751353877,-13.28918064519592,-3.3482188856581043
2000-08-22,11.588354465038558,2.7955332682797085,-14.029031560295154,-2.575535326659229
2000-08-23,11.988149719908929,0.435832990134577,-14.802694450340294,-4.994792715893984
2000-08-24,12.864392849486428,2.0906307052789943,-12.957690529274588,-5.331363219574055
2000-08-25,12.828715751394315,2.494763786706671,-9.986780618467815,-4.73163750273043
2000-08-26,12.826284367752372,2.497339436494206,-9.991798292293538,-5.4034572341044305
2000-08-27,13.733229880250127,2.4790655202986693,-8.727353294042596,-6.581087460142314
2000-08-28,13.77384533485791,2.489901241936697,-9.128436857353806,-7.717911452348909
2000-08-29,13.726808830421161,3.0097211574165543,-11.175377044256251,-8.430395226524109
2000-08-30,12.567893495560192,4.2102279877598505,-11.226627142228594,-9.893969622245718
2000-08-31,12.83456610229557,4.387947885490785,-12.62021733677872,-8.637610702466601
2000-09-01,12.972091097518065,4.785378277166185,-12.1267221307197,-10.23437211523869
2000-09-02,12.462308377586405,5.307487961100444,-12.401809114361178,-10.972848208276776
2000-09-03,12.803266574187598,4.167413956298616,-12.054930898280118,-10.388499780080364
2000-09-04,10.623066893382083,5.043831481650563,-11.473940501574177,-11.090218544450819
2000-09-05,9.326880618781447,4.085559098620283,-13.571471721689035,-12.691268346469439
2000-09-06,9.32189548825038,2.7421299423517045,-12.828052237239483,-14.404397280477614
2000-09-07,9.27119019040394,1.1473947884619267,-12.401002179009016,-13.828989246027193
2000-09-08,7.9609552637374,1.5055169897592389,-12.138881748328135,-14.099705753266353
2000-09-09,7.359828181299388,0.11942889523780154,-10.59874089672422,-14.519731209016069
2000-09-10,7.004884286542099,-0.4984183913269946,-10.907306299511891,-14.309280835388076
2000-09-11,8.61780597795951,-0.1405540549647727,-10.77530055865065,-13.550489007007434
2000-09-12,8.515245556997346,-1.3381614137457456,-11.392639237073242,-14.142956551571471
2000-09-13,9.572198453657359,-1.084037334696261,-11.749588807967237,-12.240312041555407
2000-09-14,10.791921141322478,0.5160276570845173,-11.069377361327502,-11.730688379441427
2000-09-15,11.160622067599686,0.9161588854325603,-11.16191521245746,-12.693203000480226
2000-09-16,10.426591531270297,-1.3225803253760757,-12.428014883647423,-12.546746565665511
2000-09-17,10.145116391311785,-2.2384838610045543,-12.836656234010627,-12.626347402585274
2000-09-18,10.810978462046126,-2.0659766074645574,-12.001453401058077,-11.050178248808026
2000-09-19,10.963683430457833,-2.105526035556107,-11.659018955605896,-10.015041658583453
2000-09-20,10.766316897551292,-1.4906798347437809,-12.274555625687126,-11.185373759929746
2000-09-21,12.94679146840236,-2.3312257765084627,-13.343841583854125,-10.973503941641413
2000-09-22,11.207845980123109,-1.5817802375933188,-14.702689554300644,-10.329629049847213
2000-09-23,9.937483826695084,-2.129829768159508,-13.461041025435087,-11.402895814707103
2000-09-24,9.56527119289093,-1.0805208945511213,-12.718597177632834,-9.590261415432767
2000-09-25,10.48072999407011,-1.1619023714031433,-11.771730082341918,-7.777879423392613
2000-09-26,12.260091343751114,-0.8721025309535805,-9.450321146314279,-8.63943506374686
2000-09-27,10.554397002487176,-1.8775994857158782,-9.87264259697348,-8.80437553260286
2000-09-28,9.327819599767578,-1.4647490744624996,-11.286020419304716,-8.420494215021357
2000-09-29,8.43770214055825,-0.05641128412991314,-10.380583083317278,-9.828333404362768
2000-09-30,8.380108204768074,-0.3914702721869833,-10.824411997730973,-7.962697364189865
2000-10-01,8.159273325527344,-1.1045905077242595,-11.436845053035045,-10.027933118621462
2000-10-02,8.34347264389077,-0.2111880147435704,-8.654983914096562,-10.673891322178012
2000-10-03,7.7770403090806175,0.4972674094320215,-7.274640307571426,-9.28817132021229
2000-10-04,8.382736047161362,0.4944192426790637,-7.534324488811859,-10.286205817634306
2000-10-05,9.123761488608851,-0.7467278640181563,-8.605558522299477,-9.5048183326915
2000-10-06,10.051102035260513,-0.018410080571937826,-7.8581982250409315,-9.61630624726001
2000-10-07,9.25503548189637,-0.2990749913486503,-7.168765173979456,-8.379615237227474
2000-10-08,9.736742722671067,0.10212409067884315,-5.634901623229331,-11.297379696094755
2000-10-09,10.850665413233797,-1.599309229530773,-5.624231514895015,-12.457509654383088
2000-10-10,9.783619253763467,-1.0592590708692216,-5.106705485188244,-10.696656664407618
2000-10-11,10.08917469601689,0.05223572872259963,-4.888718967596252,-8.901000849790645
2000-10-12,10.375839215096248,-0.24873761955496143,-4.185477979870404,-9.212606756520403
2000-10-13,8.957917340786263,-1.0317532122416313,-5.555982815824208,-8.801838761539623
2000-10-14,8.090062211354965,-0.32675747963214063,-6.1258205058849615,-8.369811015037902
2000-10-15,8.728131405806078,-0.02952241250342985,-5.492687532967349,-6.902286962210242
2000-10-16,7.530166456944779,-1.725899258672533,-5.011012464151608,-6.085035094413117
2000-10-17,6.510369781949328,-2.2007102021824156,-5.863321528403921,-6.344918574963379
2000-10-18,5.394307794625689,-1.6206636650588138,-4.209954470425591,-5.723808394317721
2000-10-19,6.157006982170711,-1.5681539035512517,-3.8908881940653366,-4.436579969646964
2000-10-20,6.206925563014284,-0.9469726445467219,-4.2742253883513515,-4.341242467184489
2000-10-21,5.61348387318178,-0.45222414284733226,-4.251112878430261,-4.414104016186936
2000-10-22,4.720018103721907,-1.0277321936407309,-4.454660428632062,-3.760827655853538
2000-10-23,3.6385797752075564,-0.9113129130801417,-6.4458470192281085,-3.424222019034661
2000-10-24,3.1649650387427264,-0.9779339603404666,-7.727567789477857,-2.192026915280649
2000-10-25,1.988080545943677,-0.238961251486017,-6.881098972029174,-2.8960317340915434
2000-10-26,2.71780566905196,0.607682692524442,-7.804853143855288,-3.2451003159921985
2000-10-27,4.18066534832957,2.380710448417318,-7.909747816317889,-3.480187385672993
2000-10-28,3.711620351451373,3.3344882065280776,-8.280453393225475,-4.324128994801466
2000-10-29,5.519398621207272,3.6273532040530747,-10.044620233294848,-4.876671935380508
2000-10-30,6.451210590840388,5.217031660568363,-10.431605490135093,-3.513491868650794
2000-10-31,7.143959148431452,4.7186994702180725,-10.866762064232088,-2.3402330216887943
2000-11-01,8.138476951011368,5.30162582227356,-11.04199012902575,-1.3445943722983245
2000-11-02,8.157746092589171,4.492349827964098,-10.7664556503214,-0.4300760805929277
2000-11-03,8.3181314415986,4.268757002442701,-9.486500047378732,-1.5074424148128824
2000-11-04,9.98309288287903,4.257335916198218,-9.102903162778293,-3.302292087690682
2000-11-05,9.815300818746845,4.241181290745924,-11.190800572423363,-2.6229166461082283
2000-11-06,10.104149612696393,4.574810808076936,-8.804095074886535,-1.9394702108392274
2000-11-07,11.283288166796307,5.380415919484216,-8.392687095030347,-2.666574512121949
2000-11-08,11.937456187968264,5.069654209138253,-9.985183611507805,-3.581249316245235
2000-11-09,12.459012993178566,5.488119096798104,-9.281407442903378,-3.1758882588765447
2000-11-10,12.50253744084638,7.47073173039721,-11.691729679942341,-3.7127821281535076
2000-11-11,13.416287105268031,8.589340387878869,-12.431220596312095,-4.07842842561381
2000-11-12,12.597490389348529,10.6601128576383,-11.080434495190365,-6.102229229248673
2000-11-13,11.1104822897342,9.341879528311201,-11.098597680295107,-5.297929825056477
2000-11-14,12.245930579209631,8.587116293229037,-11.84405374108989,-3.540235614563121
2000-11-15,13.103084475325327,7.801503043761336,-12.107501589859725,-2.732851231796106
2000-11-16,10.96885813738449,9.034449105277695,-13.002248273988245,-3.824239800953505
2000-11-17,10.408951127092148,10.306333130441201,-14.412276469415037,-3.9489834760260982
2000-11-18,10.902497207422543,9.686701410688737,-15.629698299580067,-2.1066672945598035
2000-11-19,10.650417446960626,11.558895605046455,-15.470449179928957,-2.3412752480861907
2000-11-20,11.736105520390412,12.686258437254647,-14.431257266601877,-3.19628658712677
2000-11-21,14.140333252723,14.185555890667345,-14.164682285818627,-4.187640858424443
2000-11-22,14.73513080261059,13.970982810880278,-12.938758481571375,-4.234126018327077
2000-11-23,14.328837057458578,13.997792358027553,-10.353428489131245,-2.3553735449869855
2000-11-24,14.131232700333713,15.152022124287305,-10.011273010902011,-3.15563209992304
2000-11-25,14.082370191771682,15.076532290232148,-10.466895583122872,-3.5739423501034975
2000-11-26,12.744794551490498,13.389597879264779,-11.745530117456525,-3.1711541498978213
2000-11-27,12.652789310338084,13.300773530715267,-12.130225088200424,-2.9657474136342907
2000-11-28,12.342537033422126,12.520926093061922,-13.259314718404948,-2.1309027398385996
2000-11-29,12.80179434701197,11.070950150204881,-15.124520607051776,-1.1911610115413154
2000-11-30,12.210487048686623,10.215229698139632,-15.027602183194096,-1.9648358530248506
2000-12-01,11.29224395717037,9.791639287375443,-16.214415312227125,-3.0787797925411367
2000-12-02,11.574843271029247,9.988626093372487,-16.4633731733997,-1.8359356756348864
2000-12-03,11.353189964923322,10.990868623837528,-16.373009005297117,-2.4756592196472926
2000-12-04,11.589333330355615,12.360851653676075,-17.045396678369205,-2.0896952083293816
2000-12-05,12.525566033335796,12.830965009255708,-15.993248513489739,-2.8303410115452357
2000-12-06,11.743898959229663,13.405227345863661,-17.609558893888636,0.026160225179538088
2000-12-07,11.949877037346312,13.549508004785455,-18.508208350056975,-1.354059408629176
2000-12-08,12.649969530334097,12.232257236219148,-18.159120345096152,-1.0671816410663764
2000-12-09,14.376050082759368,11.207783771710323,-18.415519063710367,-1.6614611729231092
2000-12-10,15.325395874149896,11.113685173824491,-18.79504892831463,-1.7398196687080911
2000-12-11,15.80914941328807,12.120144531608316,-19.382252040449146,-3.0390539766478186
2000-12-12,17.050043168668548,12.124053757887717,-19.794308900582593,-2.5644035905828475
2000-12-13,17.5313224104999,11.80767882185637,-18.892261132366325,-1.0686071074286165
2000-12-14,18.58107388644546,11.974493327772533,-17.882896982567647,-0.5462226002224567
2000-12-15,18.476238984278563,12.43922713866759,-17.509552118593643,-0.8873222368343308
2000-12-16,18.369807059908528,13.340342428521172,-16.348434296970286,-0.38142717489518185
2000-12-17,20.11862297789388,13.267566759684595,-16.874622169522606,-1.2703067781127748
2000-12-18,19.781967741461962,13.214311821916134,-15.408956303107031,-1.6380113476100444
2000-12-19,18.605389941040407,12.230173561574679,-16.241757161460892,-2.6587361886623437
2000-12-20,20.01685394648545,12.218654774781674,-15.504896526488764,-3.2897578869194977
2000-12-21,21.532945914724024,12.188168099536117,-15.654431248824794,-4.396247682039358
2000-12-22,23.041207098318676,12.6719113908531,-14.101175977132382,-2.7316335914208074
2000-12-23,23.763440419079334,11.467558993581513,-13.262158547658741,-3.051588221113028
2000-12-24,24.229636167842937,11.8408760402504,-13.431079756418212,-2.311117266305052
2000-12-25,24.399880044775824,12.025234558020953,-13.163087939776604,0.22401548060152754
2000-12-26,22.008179828811986,11.729172200517672,-11.0747385103686,0.16724451456390868
2000-12-27,22.249403002291274,12.49458619647046,-10.45744506626947,-0.9880392646214021
2000-12-28,22.614991980820335,13.577703809981605,-11.094103690024786,-1.0047957573420823
2000-12-29,23.893271895113628,13.035033317787088,-11.002663329217086,2.2896550152940645
2000-12-30,24.94814343013571,12.339297817515023,-11.821794794816956,1.6910266138058176
2000-12-31,25.65038992157799,13.76685105559293,-13.447921797080463,2.5747585911944197
2001-01-01,24.940081711052212,13.266738877015396,-14.110114102775157,3.8228940480818174
2001-01-02,24.85264459358303,13.600449997792218,-14.599402543689438,3.5573088131533246
2001-01-03,24.780705622756038,14.61391969515228,-13.752531189827417,2.796091799800842
2001-01-04,25.513683666676148,16.280457332719863,-13.790681315665413,3.61856210006333
2001-01-05,25.295105442828167,18.695170084649853,-14.690789522249757,3.631660894734634
2001-01-06,26.352471997238943,17.88171325505209,-15.180530406765538,2.9595064691531943
2001-01-07,25.755221390444675,18.175859562559936,-16.42988959383701,2.888510284561286
2001-01-08,25.806042158961727,20.281575755964404,-17.826298058423134,2.7218004460543495
2001-01-09,24.524613493828493,20.91271611764976,-18.3126645066226,5.5165593328945395
2001-01-10,25.816545614651325,18.058429465368064,-21.119235033507447,6.617830123357663
2001-01-11,26.03488657289212,17.944990052687015,-20.829209050640593,7.542478621602523
2001-01-12,25.94039144157232,18.053476442190416,-21.341301051912993,7.243779384851737
2001-01-13,26.451455507686262,16.45509108842147,-21.287140891408043,8.220433226914745
2001-01-14,27.345654628248568,15.77578165902787,-21.04730375514526,8.329028109739026
2001-01-15,25.304920829371948,14.081817378397657,-20.99595993851115,5.910006597039871
2001-01-16,23.629455104974223,16.01192204017281,-20.883121241365377,6.699941116378395
2001-01-17,23.536089750202418,17.93410589371628,-20.954453478604684,6.484523908935332
2001-01-18,24.418373288595866,18.2862253727372,-21.191855027464708,6.204290445443345
2001-01-19,23.322055470019915,16.54447913511372,-22.167962595540544,5.634997027637577
2001-01-20,23.84506896523308,16.78210322377007,-22.280932568028852,4.765860629248089
2001-01-21,23.983296130630382,16.995437671299655,-21.94763315932275,4.550153491576414
2001-01-22,22.83289285476843,16.483219038995394,-21.3633559106155,2.5516549650157767
2001-01-23,23.146412395274535,15.566192769178473,-21.419186793159607,1.8085515091683555
2001-01-24,24.029931638254816,15.002477231130857,-22.302554212936993,1.4700764057229634
2001-01-25,24.85051731676448,16.81120392340282,-22.86361211267759,1.0827075515627012
2001-01-26,25.119082266141305,16.075828619175724,-23.614691815961763,2.3345731716174343
2001-01-27,24.511921001329156,15.549210961103187,-22.97797319509701,3.6778236931501302
2001-01-28,25.085489616566278,16.479405718521935,-23.400164031951523,3.955515019109449
2001-01-29,26.798627552239832,16.39034707164459,-24.26050312317373,4.667159231498832
2001-01-30,26.29660477181991,14.831263627218375,-26.468877077553003,4.802357811903935
2001-01-31,25.075477306427345,13.952929438445421,-26.08531631618684,4.8268137735498415
2001-02-01,24.068482907735333,12.648720023287504,-24.37299614614358,4.664973120573866
2001-02-02,24.552393033421122,12.122718942629822,-23.162725814171875,6.279371775425178
2001-02-03,25.363492384553474,12.19952846460934,-23.360028212767087,6.079074797614045
2001-02-04,25.78136187683536,12.979550951283816,-22.603257985316212,6.526584394649912
2001-02-05,24.171487272219608,12.905819020100575,-24.523073847838987,7.820974079086857
2001-02-06,25.051472629309288,13.505501270428073,-24.591698437617676,9.997323995141038
2001-02-07,23.698390541590378,13.633071595171442,-23.913618182463907,8.62337200235554
2001-02-08,24.37647504677339,12.740122650019755,-24.982723482153045,7.252227301737627
2001-02-09,22.38177300711402,11.994046755941303,-26.93890296437835,8.544028333624677
2001-02-10,21.779783180310503,10.164360696858672,-28.27396710520115,8.074878940624682
2001-02-11,22.608705092945943,10.753079996997078,-29.29112508039419,8.41475991646115
2001-02-12,24.207659303797016,9.69409300003625,-29.62679810006273,8.024923924610047
2001-02-13,26.00230309339095,9.026205630770257,-30.733835078997803,7.984573221244881
2001-02-14,25.28287685308927,7.728258627217514,-32.0229264015775,9.165392219334866
2001-02-15,25.00795445181875,6.940768132152822,-32.33456387624832,10.454078120996256
2001-02-16,26.36976055607832,7.620379007806249,-33.227663801939784,10.939850599262071
2001-02-17,23.645244896599863,6.614363646702602,-33.557846966296665,11.688503713005806
2001-02-18,24.505889204964113,7.890002982699675,-32.97404915654473,12.859703758558386
2001-02-19,24.649016211158393,8.244243966396896,-31.98388849866843,11.713627586658264
2001-02-20,24.682880236690966,6.988289821574027,-30.343369919741626,10.262872020131626
2001-02-21,23.491633440955958,4.334305145404584,-28.775300517730354,9.726645849363578
2001-02-22,23.602700737505977,3.173029136054069,-29.067640794277843,10.551033777561742
2001-02-23,23.483343711931298,1.6370366299024268,-31.205134092264714,10.751328530342205
2001-02-24,23.32162274611932,0.63321294261553,-32.13345202269994,10.752396034446909
2001-02-25,23.934592972012414,0.9799525332391734,-32.92888280473748,11.24403056863363
2001-02-26,22.66207120834333,1.6251263112962868,-32.15959640637224,11.077405453660843
2001-02-27,20.788604172010878,0.771384815232723,-31.4723396026403,11.384251447211376
2001-02-28,22.079080550636508,-0.11970325972860185,-33.37423703584243,13.214494763757381
2001-03-01,21.450220525520688,-0.7106469362784331,-32.7510821625582,12.656436156146405
2001-03-02,20.455568853962454,0.8120251502546358,-31.14703255793769,11.498732168085004
2001-03-03,19.777228807158103,0.563117831531452,-30.499224653814352,11.359912907308933
2001-03-04,18.104644327579077,1.5895407197187104,-29.44447923134076,12.213545291527845
2001-03-05,17.23600550155611,2.310300044577422,-29.761423818434206,12.075349559659472
2001-03-06,18.68941419158798,3.0544139796235825,-30.785542327022583,10.49406361157025
2001-03-07,19.011643226129024,1.8180882616637282,-30.603012907864244,11.092486421386486
2001-03-08,18.915919695402366,2.343073709196999,-30.235428931779104,12.067189662770492
2001-03-09,17.870126992925933,1.7693435570032903,-29.82819223826803,12.714348721166768
2001-03-10,18.611267214355408,2.520689014618166,-29.607602741764023,12.298265443006876
2001-03-11,19.331483293939346,3.215141841460186,-29.565065960249875,12.648780930827273
2001-03-12,17.30167822512584,2.232282649234345,-27.834265897476126,11.377055610772326
2001-03-13,17.178448722996407,3.392711362761748,-27.161458959589506,11.33092038571032
2001-03-14,15.948415895630754,3.7407424883854974,-28.98344388599918,12.618866407289133
2001-03-15,15.508297711765024,3.072724931059563,-30.021601548591953,12.899093119051146
2001-03-16,15.485987927449635,3.9656943674366207,-30.028182668146123,13.41503472736087
2001-03-17,16.429856382649575,5.89021334822859,-30.14630406587672,14.256209740553556
2001-03-18,16.555744248027843,5.640709330930854,-28.208013814692922,16.549464502970004
2001-03-19,16.211290622712472,3.6689247222417847,-29.925099676775854,15.7892254982772
2001-03-20,16.92580008551448,2.8414001389413737,-30.005596148937354,15.84123795536038
2001-03-21,17.16639262313414,3.036624045829623,-30.239973480296612,14.2218051151338
2001-03-22,15.94658683017039,4.030583512664072,-29.963875932257015,13.952376613850808
2001-03-23,17.928254305212075,3.3948585334389483,-28.311237362169386,13.430248130073343
2001-03-24,19.161696517567375,4.378539700141147,-27.021369074776757,13.41771083978645
2001-03-25,19.496562101647708,2.9053735354132018,-27.684725013769423,12.869795781145651
2001-03-26,18.805681400061097,3.8614252152489867,-29.064558475612987,14.080799255498608
2001-03-27,18.122095456913094,4.156555904836107,-28.310742689849786,12.868560480611439
2001-03-28,18.27278786948936,2.974692599125235,-29.417868185786748,12.366614887661061
2001-03-29,18.152629670544744,4.10285850106228,-30.074087185362178,10.981308245847737
2001-03-30,17.303372367433894,4.579899624518402,-30.81710570973343,10.941617784694003
2001-03-31,15.318284736637928,4.88242781490369,-30.470398248691843,12.129633514922741
2001-04-01,14.316197351525531,4.927884560784901,-28.399083959611502,12.063656076872043
2001-04-02,13.739282822337335,5.65593236770467,-28.421628807526776,10.906019507809152
2001-04-03,10.93287861335697,6.185905127328473,-27.43904373315857,9.75674082340531
2001-04-04,13.283792427749777,5.163674809664727,-27.19391194150193,10.179380219943182
2001-04-05,13.40389192400657,4.496486841505435,-27.38975894804114,10.935381106161604
2001-04-06,12.443254093224935,5.597684976072134,-25.096006495862536,12.05519288051365
2001-04-07,11.501892634323315,5.1158484727317255,-26.69411439315375,12.0771884738035
2001-04-08,10.624596457691158,5.781634024449842,-26.738988257626414,10.91790781184088
2001-04-09,9.942802237768072,6.536172046998435,-29.10140221932536,11.205906271634683
2001-04-10,9.966980708027958,6.170303110494396,-29.525430254638596,11.655436595768508
2001-04-11,10.639575250612033,6.229283941631773,-29.582707222547594,11.138945152748853
2001-04-12,11.022620993952293,6.406887998853047,-27.483869175112456,11.175629460897039
2001-04-13,10.745724572199999,6.999521403032912,-25.620809330970634,9.033420654181127
2001-04-14,11.900249602882244,6.052233320890354,-25.662245652385263,8.687827595651981
2001-04-15,12.852358738766139,8.138939217837862,-25.311515407277746,8.157689600697863
2001-04-16,12.124421934559708,9.322196688867301,-25.304110454192458,9.373506097991482
2001-04-17,12.843674028678741,10.55141008919906,-23.72843606423777,10.078679781158755
2001-04-18,12.121765069212607,11.556693604151157,-24.807032619405756,10.049988733082616
2001-04-19,11.804106715235001,11.087798099609891,-25.27107299133429,8.904896332156042
2001-04-20,13.202237931695429,10.579299614586523,-24.4381036063925,7.781657113204194
2001-04-21,14.236952313926187,9.781716475543282,-23.995268969193717,8.395850108553654
2001-04-22,12.337992810262786,9.23104732714127,-22.50764169277165,9.481485797747457
2001-04-23,12.17955071543852,8.633268468823976,-23.055446456164617,8.465231798522785
2001-04-24,10.694060724055369,10.10124896516858,-23.539715772151894,8.49299611719293
2001-04-25,10.28225350923581,12.294251989716926,-22.8655613134618,8.4584505843145
2001-04-26,10.842423825044383,12.771271205411082,-24.83124374274033,8.209525169020331
2001-04-27,11.399505857161055,14.36250821694243,-26.132020597919368,7.895770859839251
2001-04-28,11.002476975585907,13.349034196380108,-25.403158785271255,7.46080419898362
2001-04-29,11.104771130090272,13.322592109715888,-23.900203814123124,7.009128754130875
2001-04-30,10.799865736190537,12.734300100455327,-24.259204836457624,6.699243322723096
2001-05-01,10.695389358686903,13.113337582243625,-24.385910313455295,6.457646963318977
2001-05-02,10.847203607570394,12.23039427943579,-23.9793605403371,8.122400350149661
2001-05-03,11.287503590537616,12.27354869268524,-23.41288054843263,7.28765226845633
2001-05-04,9.751470583905451,12.636830529665094,-23.68400213693434,8.178628857380982
2001-05-05,9.611720890192148,13.261552578715863,-23.26298999784806,8.626619635836569
2001-05-06,9.357277703045074,13.959344648168123,-21.081865723024265,7.565401204385901
2001-05-07,9.399134062838757,15.462545544535615,-19.84170419484964,8.022179267348244
2001-05-08,9.346553701175871,14.518664502748003,-19.843076599866578,7.747442542464211
2001-05-09,9.944518544477326,14.92902419007072,-20.25848107941312,7.912071549884847
2001-05-10,10.194429791146208,16.560812827737355,-20.081515521509754,6.565481086301451
2001-05-11,11.880602371387448,15.034992272322853,-18.368171047403486,5.749414194805589
2001-05-12,10.05599968216432,13.682890060987676,-18.25447791677879,6.359837122499725
2001-05-13,9.685574111711466,12.120922270573859,-18.218542416830708,4.56257205772374
2001-05-14,9.771571543080626,12.640101864836028,-17.344615285204277,4.577981459306149
2001-05-15,10.886492171365784,14.53999246656326,-16.15658887887697,4.034702770085033
2001-05-16,11.824516443542198,15.467932471769132,-15.41717484294159,3.007047809927978
2001-05-17,12.529667952611987,13.914345382173751,-15.550871735796195,2.3575677597471656
2001-05-18,13.099690845511574,12.7059965277741,-13.613928081874407,2.374967753000597
2001-05-19,13.887460765265232,13.416974863126883,-14.01540744304371,0.7281304462138825
2001-05-20,14.670758661777198,11.799972868148567,-12.910466615992409,0.2264625899549796
2001-05-21,15.84525362339829,9.971104880241734,-12.825146760751965,-1.1208108390491343
2001-05-22,16.91061327926517,10.298800609343383,-13.299541320293706,0.43117781532303057
2001-05-23,17.60773109113825,8.275454626680741,-13.459814085458953,2.5030141705064395
2001-05-24,18.43055252021448,8.723318240580948,-12.268542100615429,2.2972465188204607
2001-05-25,18.365632581401986,8.168055316113948,-13.138300188635426,1.1360822779843984
2001-05-26,18.343682800159865,6.262613748629096,-14.443610928990166,1.90901323105542
2001-05-27,19.25249009316212,7.3601682474715355,-15.108146033769124,1.6125859171582566
2001-05-28,18.11916578895408,7.051368930305339,-15.577802978487819,3.3730333532358436
2001-05-29,18.273350201907,7.527074025989008,-14.368656234756939,3.2172530550485403
2001-05-30,19.904406748178953,6.635491149611031,-14.691203339256056,2.5582806234393
2001-05-31,20.422139416077897,6.937063684364417,-14.440494547894808,4.216988617024001
2001-06-01,21.493077818002526,6.457903559569451,-14.705533279401237,4.871029694740492
2001-06-02,20.78271599158022,5.441588115016736,-14.443771356211556,4.277674340777871
2001-06-03,22.14833972833,4.679433002219308,-14.00206606166429,5.283855030751255
2001-06-04,23.5106761156407,6.645850848567066,-13.80797097818716,5.436286924235106
2001-06-05,21.730652708656596,7.141459596841225,-13.945351206371106,5.056038539189053
2001-06-06,20.934887477947168,9.107983291074207,-13.591482977760048,5.729105082865131
2001-06-07,21.580454007154653,9.965222464007196,-14.131199862315711,6.300786894370983
2001-06-08,21.492253456275613,9.791001996071513,-13.251258505721488,7.21017073173539
2001-06-09,22.707350226844934,10.749282513379997,-12.795319581891661,6.190611776084237
2001-06-10,23.927363837019218,11.213114313883251,-13.941699842275709,6.675016871694388
2001-06-11,24.058202602568983,10.234475291536414,-14.040866454613106,5.424317912392958
2001-06-12,25.894483674280153,10.77358592031597,-15.04478391340602,5.586210080380236
2001-06-13,23.551646152622045,11.213412650414261,-16.2425783978142,5.531659296097208
2001-06-14,23.524198168162915,10.143628340639442,-17.158048743522553,3.626065613135506
2001-06-15,23.542554171161274,10.67048328361868,-16.687990487284573,3.822873935630712
2001-06-16,22.048439037753354,10.324128011649032,-16.641207323567247,4.061569159794556
2001-06-17,23.204316243202797,10.814877200225311,-16.446493016252848,5.293205373844377
2001-06-18,22.8188329498444,10.160100491641169,-16.60504219928008,4.96348190711599
2001-06-19,22.256375421062874,9.629669379309945,-15.905118489936097,2.6226671572290554
2001-06-20,22.118125068297076,10.208438642356185,-16.907680339374252,1.8999575691360917
2001-06-21,20.756335898100396,10.89674685543465,-16.178644987396904,4.04053258405259
2001-06-22,19.922587779239276,11.077708418001073,-14.907835725805604,4.654435467575816
2001-06-23,20.452598123191784,10.962644437166382,-15.57812479119238,4.534021871322601
2001-06-24,18.749993950308575,12.741165743709693,-14.765526010878636,6.206293434231476
2001-06-25,19.49830576990632,13.450294718754769,-13.945890790845763,6.6351020655491535
2001-06-26,19.74966042122787,14.539416049072697,-15.348812089997452,4.798210119555454
2001-06-27,19.006048477206118,14.193523130322523,-15.539800569554332,4.676053075795654
2001-06-28,18.292780872966702,15.858944721764868,-14.55941377244236,4.152879542894407
2001-06-29,18.099070670681996,17.292254389476163,-14.715114174108265,4.22230703994642
2001-06-30,18.047832031599693,17.94134492997878,-13.66014200477567,4.514218417262207
2001-07-01,17.74730214040132,17.940743305634776,-13.130682854478312,3.399447561270388
2001-07-02,18.039609728732252,18.179935996255768,-13.14117779214228,4.487472650691096
2001-07-03,19.07588782703754,15.36038961272554,-14.750812874190055,4.692397055270374
2001-07-04,18.18633585145415,15.686773036193294,-13.430572956547607,5.359003887858118
2001-07-05,19.46354403185196,15.758287706202076,-15.63972432597227,5.3345402625241345
2001-07-06,19.999779367749298,15.031187780803421,-16.652586822833392,6.280350181707867
2001-07-07,20.654363636979973,14.960852186169852,-15.658975429067864,6.564779362917624
2001-07-08,20.260498570209926,15.794155262737723,-14.2689891288321,7.339700400006475
2001-07-09,18.52868453043412,14.974016634168692,-13.950376091018118,6.2411469053355715
2001-07-10,19.24061508298236,14.090716266853121,-12.812636421621212,6.800336123724354
2001-07-11,18.488017271274632,14.562343030272038,-14.136112190989357,6.474617171258952
2001-07-12,18.403270265436547,13.480100510137746,-12.000070634631491,5.860429446916964
2001-07-13,18.666924064172665,15.111138026877107,-12.206511572286926,5.313534936689798
2001-07-14,19.66640692034016,15.524422579761337,-12.527356343648128,5.876023022332033
2001-07-15,19.83771057515897,16.336817482067445,-12.739053675901042,5.665222485183113
2001-07-16,20.310930607407283,14.351575699014377,-13.64766719011441,4.349981686671091
2001-07-17,19.66145069724527,14.419567675708818,-13.35625369955498,4.754130779441899
2001-07-18,19.744740258737774,12.24530532532943,-15.393316854311058,3.7916969397085083
2001-07-19,19.870933019794162,11.02144886239632,-15.803960329909208,1.89397608473057
2001-07-20,21.014722057625804,11.409091460773213,-14.43366304231212,1.7835070955465047
2001-07-21,22.790233938119844,11.436694241828196,-15.329067009860658,1.900236484209671
2001-07-22,21.597377142824612,12.094560349543539,-16.022033932773223,2.035118824405916
2001-07-23,22.953575154511316,11.858893571826172,-15.924848750985598,1.0068304419343057
2001-07-24,22.720249300323214,10.573137104205632,-17.17271438762195,1.1939136661004461
2001-07-25,22.90920938506039,9.952121766025089,-16.32771044365549,0.15481291719703782
2001-07-26,21.941681344912094,9.596587439675956,-17.51503628625632,0.3967124684461259
2001-07-27,22.449495872169933,8.483488987400786,-18.462372245770812,2.6274208927556
2001-07-28,22.112744026177936,8.495023034586643,-17.797229486496786,2.393218241110798
2001-07-29,22.831251662038202,9.197879749641602,-16.484284404219146,3.605665726410809
2001-07-30,25.06592703213628,8.964362528934775,-16.894113597189246,2.44403461515928
2001-07-31,24.262461031780035,7.405943508712369,-17.393424654500418,2.986460381632497
2001-08-01,24.631980831735532,6.8110768436542255,-17.332577208717595,2.330534844128278
2001-08-02,25.408501760935458,6.054035675736541,-16.943019420607136,2.7849497296860624
2001-08-03,24.411307677639208,4.749478099057566,-16.3128911612792,4.1134100633742925
2001-08-04,24.682979964416358,5.556866302176029,-14.986380369857985,4.591153625715579
2001-08-05,24.4314592017525,4.470287457461042,-14.672262856785697,4.014358356692229
2001-08-06,22.94438335348832,4.739248758223509,-15.368752644766921,6.087121637055187
2001-08-07,22.622504761503833,3.5595972704985286,-15.645183709987656,5.641621182903014
2001-08-08,21.842581598299617,1.3490321804613785,-17.33009121069219,6.204747761239856
2001-08-09,20.791091740890355,2.232206455506617,-19.273772852319087,6.653418342170393
2001-08-10,21.135124518580746,2.230951652295524,-18.142270977644568,6.997456918584155
2001-08-11,20.886432928529832,1.2977045942490668,-18.993663162438757,5.578225396222846
2001-08-12,22.532152149214678,2.0090121238367002,-19.92800639597536,6.523681428147703
2001-08-13,22.407563850043733,2.166962063817137,-21.515225645060784,6.968491276032961
2001-08-14,22.07961878254666,1.9949878052171144,-19.107946972883738,7.047444611598926
2001-08-15,22.03341798644695,2.9821171190624938,-18.44403155224949,6.37319203121715
2001-08-16,22.182676605533135,3.1749839745499644,-18.402355357707837,5.93378067083647
2001-08-17,21.996340632050035,4.319274773069893,-20.148477889104967,5.277441379036518
2001-08-18,23.44702859410091,4.121162404606912,-20.32084854920174,6.680441442765107
2001-08-19,23.118059825474695,2.9352745357137273,-19.34409250497249,5.206834523373794
2001-08-20,20.92140540845223,2.255255569722278,-17.870501673793743,4.206780067015248
2001-08-21,23.31818133198187,2.236410755883924,-18.112043156548694,4.930706501730034
2001-08-22,22.930711478812263,2.5790292082208843,-16.16117018411674,2.577028559776652
2001-08-23,25.11634741212584,1.139052346452374,-15.465281595919757,2.455971305151145
2001-08-24,25.56538842518496,2.3799253064859593,-16.631710076364183,2.119910245807975
2001-08-25,25.451120252695887,3.872493938408963,-17.54628305206844,1.4875643581808007
2001-08-26,27.049291720299085,4.532784159001024,-17.612133524462276,0.023329656343270333
2001-08-27,25.42531521410556,5.257148022427557,-18.540314935572844,1.0416265312203978
2001-08-28,25.787906635393572,5.376457407063069,-17.583267927185332,3.0921275362339355
2001-08-29,24.554896325226604,6.123195150755391,-17.214083525706847,2.0511725362144593
2001-08-30,26.278590505883706,5.652890122109244,-15.74952832295359,3.7178077822204627
2001-08-31,26.565766197837384,5.210125242318358,-14.886973129454816,3.0340305125959075
2001-09-01,26.187309367970823,5.268397745953556,-14.50803775980383,3.8420370324577737
2001-09-02,26.094241273305542,4.448083924269258,-15.162660348126686,3.5417982082965587
2001-09-03,27.412939099890774,5.1792617926609745,-14.01908074146164,4.117286572682239
2001-09-04,26.907946890611974,5.409104906868665,-15.175166055438481,3.572028608881846
2001-09-05,26.28722851825146,2.819196415409121,-14.932392674460267,3.709599598054619
2001-09-06,25.60351121083543,3.550371706342793,-15.611995858469315,3.174162817445926
2001-09-07,25.605518313313613,4.251077787800191,-16.156803196766955,4.12519046122381
2001-09-08,25.054416640697013,5.8318681772686185,-16.06901562039668,4.297137980847946
2001-09-09,24.97451499326379,5.361167078644077,-15.50033170595969,6.164409551720607
2001-09-10,26.05393714226211,5.742545455179244,-16.63327011570422,5.036632253746431
2001-09-11,24.76994390101427,6.072159155964799,-18.03368881577063,5.287919359674318
2001-09-12,24.74402146448599,6.123509320876788,-19.585915528877585,4.15521781917885
2001-09-13,25.683765752961648,6.192676748937972,-18.643422198419646,3.5113315172393462
2001-09-14,25.56098258505064,6.762355247121041,-18.199129547720073,3.226610321209797
2001-09-15,24.13262662377881,5.985382611316977,-18.05554025804307,2.973676389468754
2001-09-16,24.385937990558634,5.79552673096453,-18.61435710186345,3.6413873944412103
2001-09-17,23.276077303722193,5.324238936154901,-18.13328908813209,2.5769824294932056
2001-09-18,23.0582505493854,5.841542929317134,-17.67610165512946,3.13811528773659
2001-09-19,21.96758808405307,5.562132052572537,-16.135253607268115,1.434649399126133
2001-09-20,21.708524138707613,6.343922059054167,-17.109171883164702,0.784559802791995
2001-09-21,21.557293751585853,6.424714392556716,-16.596277784038776,0.7836671927523159
2001-09-22,23.381526134959138,5.465389571054505,-16.1478022562419,0.6538923897468538
2001-09-23,21.913650050912594,6.076480202044386,-17.13317468598299,1.7271915684044827
2001-09-24,20.61044712957157,5.395380094613589,-16.639238493745346,1.8311218900408743
2001-09-25,21.756288870455258,5.627571364624002,-15.477912694902434,-0.656748249873818
2001-09-26,20.279264178777797,6.169100565495621,-13.09909114648556,0.15068494731707482
2001-09-27,20.613916816291656,4.356386023261039,-12.879445787953058,0.937768073619438
2001-09-28,19.30035604169014,6.601965853315029,-13.844206641473162,1.1026099055283545
2001-09-29,19.12488685612182,6.936618024722535,-14.13473581413027,1.9993643713270552
2001-09-30,19.149535835603313,7.552176374454974,-14.707446132489318,3.7233397500700836
2001-10-01,19.60809913419007,6.783875629456099,-16.327284161007547,3.7017890749505353
2001-10-02,19.208751348414218,7.861453099154178,-14.757623707359995,4.036203889275676
2001-10-03,19.867834771561938,8.293298917813942,-15.28823738613325,4.227039260240154
2001-10-04,18.709645824612938,7.8712668828715335,-16.125098101420733,4.39582624607518
2001-10-05,18.039216196897897,7.811915477882103,-16.92253011907083,3.285531469979293
2001-10-06,19.011768525926758,6.302254463701799,-18.67219205509204,3.298168469689724
2001-10-07,19.572650071416813,5.724540425970936,-18.800831328989464,0.8963587399654425
2001-10-08,19.5574115098069,6.781438216262773,-18.73144711180107,2.7485995237536818
2001-10-09,20.52885683161363,8.947995122642496,-19.66221644656484,1.4322229212053053
2001-10-10,22.198157070185175,8.742051547009936,-19.33159372244378,0.46838905343852466
2001-10-11,20.33458456984446,10.039429102016598,-20.518896764438846,0.23229341736139397
2001-10-12,20.1637355874058,10.773622908335797,-20.555433701088056,0.7864960450102483
2001-10-13,20.21182766502372,9.263436104818695,-20.35757824280635,1.8730564650439785
2001-10-14,21.954808847140566,9.941217708356492,-21.75140623258677,2.3038786289856508
2001-10-15,23.784077098010158,8.282501533537175,-22.089556626660755,2.7507143757684713
2001-10-16,25.10401459789349,9.422470502395468,-22.78398276395696,4.353483663994167
2001-10-17,25.410066607694827,8.435275775452538,-22.551650742545103,3.0140943448520776
2001-10-18,25.83238120520348,7.995358434452319,-23.837047031431176,1.8143250200377068
2001-10-19,25.481886041738594,10.583824503323067,-23.298341308153475,1.5920893111442729
2001-10-20,23.915482944301264,9.974732838623032,-23.607469452061927,4.081617087206355
2001-10-21,23.07395782538406,11.859839610558613,-23.68513798205455,4.148543682172102
2001-10-22,20.568666058406016,13.304046754693832,-22.894984705332135,5.9591135688354
2001-10-23,20.290586588938993,13.361181994925778,-21.310882381287694,6.2398478121754035
2001-10-24,20.59461708482179,13.35429237663598,-20.910289122695627,7.150905303714592
2001-10-25,21.328162636712214,16.6856714625288,-19.987541322528394,7.488018969473537
2001-10-26,20.994918157243262,18.291357824871206,-20.135493304065893,8.14831838587167
2001-10-27,19.94635590617569,18.40313425760659,-19.865939026956408,7.4291380474845194
2001-10-28,20.788647568142796,18.936364556764765,-17.743873112314592,8.695576116686428
2001-10-29,20.329769800646233,19.02572414224952,-17.334226111332825,8.767924878531653
2001-10-30,20.520539718687925,18.337310847034967,-16.861439616615616,9.582020211686283
2001-10-31,19.706411932650497,19.454045504878877,-16.621129033969897,10.529999569060486
2001-11-01,19.67131698453483,20.899924014253823,-15.474875021206472,10.149871846210594
2001-11-02,18.004289150719107,21.368933101226993,-15.741042454956125,9.843201076405117
2001-11-03,17.51621805977867,20.046138322980063,-16.287487898117977,10.033553265635328
2001-11-04,19.005090566725773,19.48823504112242,-17.80670047573756,8.69106744257457
2001-11-05,20.767001189116137,18.85463050032181,-18.526077016232094,8.660753010599597
2001-11-06,19.516557297929214,19.403662279985152,-17.75725860760484,6.997506413713491
2001-11-07,18.988204655057523,21.17397929275249,-17.984891685918303,7.255015488370747
2001-11-08,21.30178101390731,21.366550883291787,-19.445545283195333,6.069550961472656
2001-11-09,21.324488494115567,21.967692919260227,-19.68977760600502,6.340373213241195
2001-11-10,19.858714803487572,22.82106241672102,-18.908403737797737,9.695002340378922
2001-11-11,20.229048747930257,23.82158439844923,-19.397937897189653,9.829397876868617
2001-11-12,19.175977269069303,24.415073385358088,-18.580772963668892,8.92439393885741
2001-11-13,18.55269764138634,24.781665681795193,-19.490618729550775,9.1406479921922
2001-11-14,17.13792981902852,24.460800132714592,-18.120508099982814,8.375297545239013
2001-11-15,17.74175445609399,23.057986090146404,-16.983147038868754,8.009806155564625
2001-11-16,17.018181918043656,22.980566933583127,-16.587600334843625,8.16009837295146
2001-11-17,17.035494972994506,21.409480730925573,-17.424884476111096,9.079475732136347
2001-11-18,16.780874349011068,20.60683488398755,-17.953829606602586,9.604002207656269
2001-11-19,15.728976703508705,20.100945460362897,-16.846887850771505,8.574401021109978
2001-11-20,16.241524728174028,19.87529694322626,-16.764781913098176,6.649778473974549
2001-11-21,16.198624500013487,19.06189170289055,-18.245774095843498,6.698552600188817
2001-11-22,16.282358313400977,19.983070781373105,-17.14562972005972,6.949012141901329
2001-11-23,17.52528113459731,19.343941495214025,-17.358191283587175,7.2190921053475865
2001-11-24,16.114251172666627,20.271965440802795,-16.29841854575256,9.309979739847108
2001-11-25,15.93513723126277,20.26571159267201,-16.50286663587267,9.516015051499714
2001-11-26,16.154393743725993,20.034931834149557,-16.075714103207286,9.282432930074318
2001-11-27,17.31512451455361,17.960330906258655,-17.3063606308301,9.481994193375808
2001-11-28,16.551543737786343,16.964878223589142,-17.756388300009192,11.341063657199532
2001-11-29,16.97594378684681,16.845288669577382,-17.241739970314192,13.536789770351717
2001-11-30,16.165861165557416,17.149121656900526,-16.65350874969902,11.872869556203721
2001-12-01,17.92390213943948,16.57101120323074,-14.746286679400724,12.314227434460474
2001-12-02,19.265048250342712,17.155885944239216,-15.52512329810344,13.05400601267171
2001-12-03,20.559003533644184,18.48444768329373,-14.439051245215891,12.863191346325378
2001-12-04,21.302918859064082,17.24478069063276,-13.518552618362564,11.351263592692762
2001-12-05,20.279363417026246,15.355634266575118,-13.957598395299959,11.502619970463133
2001-12-06,21.024024734566378,14.86372977602668,-13.918515518219644,12.548799579489451
2001-12-07,20.018574421913534,14.648761645663868,-14.384810391303768,13.239545608810753
2001-12-08,20.141058926264055,14.156066106976763,-14.390582420562408,15.626886579386815
2001-12-09,21.220091768518326,15.289661535456988,-15.598314068955963,15.13856657270244
2001-12-10,19.96644106601195,15.295011032083503,-14.076168487931682,13.870844603019634
2001-12-11,20.767768716478834,13.267892150177252,-12.09253894385045,14.758979686874802
2001-12-12,20.883526928479018,13.643338821307346,-11.118745655507658,14.735629147556455
2001-12-13,19.236983382495787,13.313310268290657,-9.874313981749978,14.403064270528462
2001-12-14,19.826898082557527,11.742789336416426,-9.012814910654894,14.176652424582866
2001-12-15,20.334082747833428,11.229131094152711,-10.885390498619737,13.146070917480264
2001-12-16,19.16504127078788,13.119217637597066,-11.116531764121257,13.132745326236977
2001-12-17,18.69597841452882,13.825017934459568,-10.335720675395232,12.576430228747725
2001-12-18,19.2426905289148,13.640879745159461,-9.35812712613069,11.837488602905049
2001-12-19,18.59886224993342,13.59850395479953,-8.752215753373429,9.8664902036044
2001-12-20,19.496894648358328,13.657612809482675,-8.35951007833936,8.709760648952702
2001-12-21,20.541930590956234,16.968816385491188,-7.595850177953467,9.954135548442002
2001-12-22,19.967537411448575,17.560029510494513,-9.098174232972196,10.353757881773873
2001-12-23,20.39959135504721,17.836103492264414,-9.09006439956234,10.761643712122549
2001-12-24,19.288590285479525,17.01350894411329,-7.601183125187964,10.782685834468595
2001-12-25,19.139569368362693,16.993356930223925,-7.477264203895209,10.337105784320624
2001-12-26,17.113204099687746,15.918806495405963,-7.021433116337027,9.859022096878427
2001-12-27,18.593461344560815,16.727781132735622,-9.071244147913,9.635186384381253
2001-12-28,16.619179884456766,17.406067400201238,-8.79620083764646,9.805673001287849
2001-12-29,18.02874374108108,16.908823292320676,-8.9346427919288,8.610426897673001
2001-12-30,16.945114691080295,18.809146541380244,-7.594552295518977,9.668100290076639
2001-12-31,17.676361282006646,20.418686019949543,-7.106718780465069,9.732131880166303
2002-01-01,17.11430203256084,21.386707379411533,-6.720908735132976,10.26765916338747
2002-01-02,17.10366053320635,21.843563155630797,-5.082798329136714,9.249974598697552
2002-01-03,16.39668794666307,21.877890859433563,-7.711205543528507,7.864098895023149
2002-01-04,16.612919754368672,22.670793674913146,-7.3595294594391865,5.8148938976314595
2002-01-05,15.337686899240158,22.30867369486264,-6.8411796297319345,4.965924368484431
2002-01-06,14.221833504550299,21.32431576690288,-6.286696902225179,4.593998868252286
2002-01-07,14.414067348583126,20.901410230847365,-6.710772095448094,5.436300780379768
2002-01-08,13.92655867111164,19.92157615698644,-6.774367052620482,4.134147854206555
2002-01-09,12.830976186621262,19.783797705335274,-6.593081002632322,5.547468298249732
2002-01-10,13.17313772413727,18.704477613569637,-5.822599105520732,6.679176499571377
2002-01-11,14.705422477516487,17.93278753855903,-5.014420319942973,7.783863389974288
2002-01-12,14.317383317525804,18.92804477835591,-6.085603625819659,6.293807638176185
2002-01-13,14.435963102207353,20.387119509212404,-5.371224686867301,5.472850195355202
2002-01-14,14.685319803988795,20.387750217871403,-4.705608382436849,5.247384670873785
2002-01-15,16.366961244724735,18.599947152743887,-5.903460228311156,4.488658227512404
2002-01-16,18.57665321288674,17.389816938416207,-7.672244911586448,6.098321069241934
2002-01-17,19.41946576753349,17.667952799680826,-8.112647772334505,8.204924011691917
2002-01-18,20.408296937004483,17.790448301836893,-7.64825968271279,8.66603312655662
2002-01-19,18.194854852823326,16.973058431661446,-6.413967293649002,8.771755331872203
2002-01-20,20.217488488399916,17.72550221724035,-5.863767876025563,8.98757438847327
2002-01-21,18.14866787660467,19.10041204699653,-5.920446813049424,7.901937392114346
2002-01-22,19.296572293917162,20.81129752382677,-6.584907168131766,7.586293725177429
2002-01-23,18.406421616900097,19.948389095833587,-6.409433982139824,7.487189767861613
2002-01-24,17.22889122143613,17.850576583118006,-6.618185875403028,7.11500646142902
2002-01-25,16.897472287731823,17.28584352817098,-6.199250664752842,7.724158580194471
2002-01-26,17.346076651019153,15.945603685571824,-4.301739609314407,5.8729063647942
2002-01-27,18.243726621309193,14.832618995840912,-5.870457394310784,5.7926887539035805
2002-01-28,17.96412460919597,14.76786804161314,-7.965242860182,6.586074093236864
2002-01-29,16.71148338218352,15.868254185097122,-8.35511807082175,6.610266310034751
2002-01-30,17.202355202458854,19.001689718368134,-8.94943712436553,8.066342299062782
2002-01-31,15.071732760292406,18.77339421082983,-8.527396572572243,8.272364070892943
2002-02-01,16.642857115547564,19.89160462042352,-9.382993740197541,10.4796256339837
2002-02-02,16.739873812086156,20.704148589455432,-8.451695063452695,10.009045312221104
2002-02-03,15.292129202659735,21.30170361647672,-9.100458458432433,9.580909138327684
2002-02-04,14.892752817370177,23.35758963060893,-10.41686101174117,8.449872262141367
2002-02-05,14.626316383237741,22.02275823618708,-11.95318626724422,8.491049174869623
2002-02-06,13.897088565642303,21.998455611683408,-13.004903165772776,8.617819272798895
2002-02-07,15.625853515732109,22.45404924123035,-13.461285796053858,8.36595262134669
2002-02-08,13.90474834341783,21.38325957713203,-12.538881301932168,9.568745582145935
2002-02-09,12.671598432045686,20.624456021356504,-12.532236765648793,8.690033999504207
2002-02-10,11.545083519602692,19.712107709171317,-12.324072875874437,8.547192262462332
2002-02-11,10.448892295360258,19.49742745564947,-12.12379010633235,8.494234199600587
2002-02-12,10.554472573722485,19.11684432494068,-11.58544745584169,8.06075755897832
2002-02-13,10.472072798224895,18.613275357406913,-11.51255410557385,9.3019794874903
2002-02-14,9.979426119525908,18.721323099452775,-12.988818010869196,9.873865423284027
2002-02-15,10.241192717087092,18.269585716430594,-13.579100152853199,9.684861227147223
2002-02-16,9.459524861518418,19.072022284306183,-14.095965713712047,10.220804705516203
2002-02-17,9.355751900405176,19.776708466038183,-13.946057867897858,10.594402935075134
2002-02-18,8.307923564792668,21.700643914476515,-14.292829387857777,11.15915326371385
2002-02-19,7.630752859399109,24.33853312353026,-15.03435635320816,11.656262020508278
2002-02-20,8.514386171068463,23.821869684749363,-13.11602299042383,11.873477108427473
2002-02-21,9.588853045201182,22.87960978613568,-12.105800851152814,11.235709827492188
2002-02-22,8.237190387490795,21.38344949579065,-12.125973404337387,12.026195902207578
2002-02-23,7.1648846802056765,21.195624783698626,-11.919901396715808,12.974059529599037
2002-02-24,7.788078642237846,20.466227195921892,-12.944691568265593,12.571588139670196
2002-02-25,7.166111385499349,22.355736367687715,-12.580302713159622,13.696190550619981
2002-02-26,7.284844509612317,21.20453980879859,-13.00176291769249,15.193444130072008
2002-02-27,8.131422019004107,20.7478049616774,-12.463929133760322,14.593804439199587
2002-02-28,9.847943473545147,20.30760952637801,-12.849603465415724,14.543430227134932
2002-03-01,8.400285500844078,19.644486434393613,-14.401109644089875,13.652134229199879
2002-03-02,6.547225557836484,18.647946543088224,-13.735315706161261,12.496196440789419
2002-03-03,7.158503015726602,18.934633456382723,-14.9392174712633,13.249285138623097
2002-03-04,7.964649293713398,21.310009825508583,-15.030198316117966,12.469203571442883
2002-03-05,8.354150989680988,21.50347158953578,-14.310571296754096,12.45739306920793
2002-03-06,9.645127899291593,23.27418848336963,-12.861964371813384,13.813551289844185
2002-03-07,10.959524150584752,23.44887278249873,-11.777159553233414,13.530171930720954
2002-03-08,11.518080999528177,22.70292374768531,-10.824431890277593,13.789169449941081
2002-03-09,11.513655084889365,22.591727559817933,-11.874547080195411,12.7902480237982
2002-03-10,11.915544061011712,22.705439543970545,-11.658071298233468,12.800615210087877
2002-03-11,12.584195199121439,21.556402311911114,-12.02116572811203,13.679368518365266
2002-03-12,14.472439601241318,20.40293904735417,-9.99396571196813,16.07982279697472
2002-03-13,13.164205723652081,20.64494461996113,-10.72590349174006,14.09512739880716
2002-03-14,11.62271292810571,19.736946249289314,-8.948471997293765,13.822058652030968
2002-03-15,13.053535635394912,19.583509867609227,-7.374956867247987,14.738042638242376
2002-03-16,14.204672813331172,19.546665443050944,-7.7097915178182905,13.197820832617637
2002-03-17,14.332509075089865,21.21650297406609,-6.825022682594451,14.572361155715859
2002-03-18,13.640346557432968,22.014107460762613,-7.217964475360223,14.754907633619515
2002-03-19,12.525019419048352,23.491442201610894,-7.00737790907388,15.071498451870262
2002-03-20,11.330861671165035,24.60256286818155,-6.996918965019466,15.362441327351918
2002-03-21,11.752001292931872,25.39694128323619,-7.2701332264399445,15.810371053423324
2002-03-22,9.971910896289849,23.247082186525198,-6.931502865023926,17.549802433574584
2002-03-23,10.302456441404145,23.175330144523492,-7.3638735313535415,16.714107866003747
2002-03-24,11.434151973258045,23.302178236243318,-5.795807950076085,16.904391246389377
2002-03-25,10.628471554413588,22.244435236666984,-6.111251159878891,17.574016071733432
2002-03-26,9.565240117716556,19.003177301816862,-4.964354990978503,17.420823115361316
2002-03-27,8.798382109947823,18.816452735805864,-5.149031202421594,15.728332649797338
2002-03-28,10.10404014458661,17.018669577417807,-4.644660192308662,14.754907970962178
2002-03-29,9.878652746641368,19.095792139434728,-3.645844659359175,16.5553884891856
2002-03-30,10.022962789997077,18.821952041761378,-2.1538169210320603,16.54593348612114
2002-03-31,11.067289240473025,18.517744975665273,-2.9898774505983052,15.654986104228678
2002-04-01,10.084280487753187,20.446829574368355,-2.1310357981905783,15.685219662662448
2002-04-02,9.78681913858053,19.65005741421942,-0.9147173893813361,15.353400596020522
2002-04-03,8.93840096546277,19.821726159540955,-0.7842208425364904,14.682467275538556
2002-04-04,8.378134534927598,20.760631705478893,0.7891057138592389,14.05049087745749
2002-04-05,10.3011938683271,20.44223871346307,2.9653768276921078,12.346985853518625
2002-04-06,11.709137425830228,20.604840037935723,3.2373843144046557,12.372977092611253
2002-04-07,12.12302415266841,17.482391629953867,3.913231703165213,12.798330675107504
2002-04-08,13.783855013063025,17.905030541446703,4.847379587383466,11.563636501437472
2002-04-09,13.814132088742193,18.0284424932671,5.699699499636949,12.825189446957491
2002-04-10,14.419638094961709,17.28803776422208,6.269473475533855,12.382121120973238
2002-04-11,14.312864728056432,15.949075995970302,5.875750819687887,13.57756376896334
2002-04-12,15.442386287441277,16.424001388233492,4.632157988251112,13.844984199482376
2002-04-13,14.25608472986501,16.85160838174089,4.702414659720277,15.28493528090633
2002-04-14,14.960755439604231,15.45281320917916,5.623075491944014,14.57161537949675
2002-04-15,15.613961426329052,15.278375017959087,5.5265356476838825,13.87968783417677
2002-04-16,15.411448253554692,15.762230840289805,3.675027170478013,14.965981353224588
2002-04-17,17.027093149111934,17.818474072437798,4.215582144486764,13.05102134631576
2002-04-18,15.524554186342044,17.905297287095486,4.429319361491497,12.51627442102726
2002-04-19,14.603318789290531,18.29186392103723,4.258721603874205,11.017547767644212
2002-04-20,13.823650942946536,18.54730853671203,4.528687893271046,12.09324567069511
2002-04-21,14.235217973998193,18.535171272019852,6.104650442157288,10.260856457565573
2002-04-22,11.997586256424363,18.93026180456441,6.206301490984402,10.111810973953329
2002-04-23,12.970589307466776,18.25428709610797,5.867447171059573,10.185623304336156
2002-04-24,13.298841281381696,18.272036958936763,6.817471649387476,11.044644994050117
2002-04-25,13.971890275952251,17.134789560620618,7.6748261150088855,12.283723557638526
2002-04-26,12.098403462961647,18.148041269839247,7.028665245195664,12.574845592509254
2002-04-27,12.995708589007366,16.932425980449622,6.856807744470206,13.632171219825501
2002-04-28,13.239571302642121,16.058851452083108,4.9036873006818436,13.78708407772189
2002-04-29,13.158806686829994,15.169151552238228,3.065920895539531,13.931601285583454
2002-04-30,12.477908401054783,15.21329269543031,3.0247409346759144,13.845763991007383
2002-05-01,12.83776052082874,14.809786472981692,3.807404652270967,15.712694064854201
2002-05-02,13.946393955681899,15.968077569825413,2.8508112580300073,14.5943970082165
2002-05-03,12.82144944501166,15.117517085060921,1.8061078112258557,12.849167212304371
2002-05-04,11.000689141180654,15.25776340085058,3.000453793798461,14.480443526899979
2002-05-05,11.502544034508855,16.016130467739682,3.1433094659846006,15.882333528728662
2002-05-06,11.788194371815388,16.851015808068436,2.3474504354227403,15.906058982442412
2002-05-07,12.309706364465228,17.905530016180496,2.6153042667383866,16.714648381601258
2002-05-08,12.030619842066939,19.137444081900338,1.2287700840749862,17.193102484399976
2002-05-09,11.250824986917621,19.135691266324702,0.19537867748989446,17.468093353833467
2002-05-10,10.92831333891456,16.50902875548963,-0.8339684248598473,17.54851197912015
2002-05-11,10.182133101103418,16.313228279371035,-1.8608083525805699,16.405970874136955
2002-05-12,10.858108922380971,15.724093151115365,-1.6987918648376918,16.424076112878062
2002-05-13,12.087954579910221,16.85851951219692,-1.3064177310107312,17.56976030011588
2002-05-14,11.073177512695226,17.15156911866449,-1.6094773398653786,18.84142874213715
2002-05-15,10.381664255342026,15.409096168450098,-3.8212857501886366,19.192957036165893
2002-05-16,11.53762016039533,16.590723672645122,-3.0052478794067072,19.343104246076514
2002-05-17,10.662110080329333,14.883417756243361,-4.1443808279399486,18.553540017711057
2002-05-18,11.179361246325609,16.72405463214437,-2.115779828296479,18.991507132277448
2002-05-19,10.426803070691953,16.954838538796167,0.13976627000721065,17.84776928216994
2002-05-20,10.377065759629525,15.797860241322569,1.123782973094173,17.954848848727178
2002-05-21,11.247838494782846,14.046434132736143,0.44438471788741285,17.759186915638296
2002-05-22,13.68619382546898,14.518944828930447,-0.605871414897455,18.55407524906488
2002-05-23,13.690760752797003,14.180168670825443,-1.8172079188705696,20.48115676776376
2002-05-24,14.983321208155752,15.998952370879007,-0.8590320932685565,21.267195157582442
2002-05-25,14.410019033510464,16.32595282024749,-0.47128508288026155,20.894629064374303
2002-05-26,13.951839045540092,16.665398237865855,-0.9427547206513728,20.463028699559285
2002-05-27,14.540643168217178,16.965396008434308,-1.8395361898786846,18.802971509883626
2002-05-28,14.485180746058079,16.231430617496535,-2.7149899116390386,18.93513815841
2002-05-29,14.644707559565674,15.255903775251987,-2.3739633758498866,17.290630816279364
2002-05-30,14.316017993406776,16.849509374044622,-4.032855732248953,16.86172751919769
2002-05-31,13.443773149673985,16.679372714656058,-3.1347917536965673,18.091400682556063
2002-06-01,14.547034542038931,16.905999589305203,-4.533200448627767,16.633287815876503
2002-06-02,12.90869491577715,17.9792253467261,-4.511565335324235,16.89384572251473
2002-06-03,14.014139034753482,16.764666011349302,-4.565146240315269,16.217554377538193
2002-06-04,15.083421451754413,15.228820372031226,-3.1331223808145627,16.644109674850274
2002-06-05,14.505042913325266,15.776491088050642,-2.147058069871612,16.974219036603813
2002-06-06,15.446394593625683,18.105488723254556,-1.260914130404348,16.145795872462323
2002-06-07,15.74829971126443,18.092787088485775,-1.481048557129755,16.334784885291008
2002-06-08,17.078890981682196,16.76168459027158,-0.47718387573850674,16.434169265910537
2002-06-09,17.481272497599697,16.017354844530207,-0.6093897122356369,14.468025827409406
2002-06-10,19.344850718820673,16.111981528580287,-0.19898923769311316,15.512905110572246
2002-06-11,20.169462930632438,17.849399164314164,-0.2515901914807839,15.84986295004006
2002-06-12,20.25631021323519,18.364108663214616,-1.1029930736375704,15.972143979719576
2002-06-13,21.191203025720252,16.72277559709616,-0.6716642976134457,14.554665943519035
2002-06-14,20.05702610695184,15.714862183210789,0.4880318910058645,14.695434554494895
2002-06-15,21.883141026549644,14.937898691969705,-1.4702835463126638,13.325942152858552
2002-06-16,21.827069017414715,15.73435503847494,-1.419241219473614,14.78189396537152
2002-06-17,22.93363179891561,14.76088500020622,-1.5090439112386729,16.176476368170942
2002-06-18,22.90521600262158,12.939190641307334,-1.332583290530796,16.27637467566232
2002-06-19,23.525263693006575,12.497634036475908,-0.39928397409956673,16.779509076321638
2002-06-20,21.367206007210815,12.630103842157892,-0.1293788840158856,15.509980503268636
2002-06-21,21.00950587830358,12.220141470905078,-0.27332076730955723,15.822618329155892
2002-06-22,21.96669443961575,14.269283617003985,-1.7606475125436138,15.895382258198586
2002-06-23,21.20533009240761,13.868526740624155,-3.562844473690376,17.17336797514109
2002-06-24,20.071697509765155,13.093244804820717,-2.9306747007586,18.33053734110467
2002-06-25,18.63975002120016,13.150069201023003,-3.651918572514512,19.520555915483015
2002-06-26,18.56083474519049,12.825698856081537,-3.432433925843374,18.33645897582491
2002-06-27,18.358945832582883,12.90702785096218,-2.702868876108471,18.591804695839713
2002-06-28,20.21615567294441,13.213882024064464,-1.6319135820834572,18.984021819850987
2002-06-29,21.365240476677656,13.117640309505889,-1.5036116595977769,19.868890050398768
2002-06-30,21.510752176757617,15.228489753927974,-1.9275033160027757,19.040358381759795
2002-07-01,21.43767794786861,14.051781381015237,-1.7262217844092596,19.37073716239589
2002-07-02,19.853399836466714,13.531276463228798,-2.137773214164954,17.524715324866303
2002-07-03,20.899739068821454,14.220834483095928,-1.328330082533728,17.134450477294383
2002-07-04,19.904106058432625,14.167040373674762,-0.9693447096338395,17.860203647628765
2002-07-05,19.865241744167157,14.393109769425111,-0.2287689647441724,18.74496589808957
2002-07-06,19.36621712589799,13.45374031752631,0.11661291109919841,19.14421595116866
2002-07-07,18.213166409284106,14.031526923929729,1.3348667832262149,19.732143734415935
2002-07-08,16.067696781669948,14.629428835882171,0.13219565143816858,18.952906537593595
2002-07-09,16.816300151254108,15.13938760221941,1.0214100143036506,16.900924956442058
2002-07-10,16.557060404666423,15.129199812151027,1.5911093566088184,16.877194728245975
2002-07-11,16.718529182315244,14.389807363071503,1.077241322176003,18.62898797416637
2002-07-12,16.444289866563576,11.952386419706027,-0.13618560179286376,16.412031319724452
2002-07-13,16.473575732160675,11.42375386315718,-0.7144982582800575,16.32277003427362
2002-07-14,15.51314341294524,10.724527432411339,-2.9195828983789487,16.0451093745522
2002-07-15,18.405709671475392,12.305129396851898,-1.8523074042893695,17.273521126903223
2002-07-16,17.69784180544615,12.431120571174295,-2.023843617549013,17.41344979120741
2002-07-17,19.15858247397235,13.947609574257168,-3.1298570607720433,17.98974121925388
2002-07-18,19.210244410864853,14.567236095875906,-4.644890058957859,18.33914491045388
2002-07-19,18.688739957030972,13.931486073862256,-3.756537018871226,18.10527458079192
2002-07-20,18.10976558178516,14.169419533214093,-3.7843362698480982,18.36855032136768
2002-07-21,17.818227073022165,12.697765300614632,-1.4913368039934687,18.616249462407595
2002-07-22,18.30468219685706,12.555090912119727,-0.4227493617197371,19.417380347030065
2002-07-23,17.1749502469997,12.693542668597757,1.4349048491102736,19.35749676853526
2002-07-24,15.467457778535083,13.613266906112273,1.0448543432839257,18.235766862856828
2002-07-25,14.701602343490928,13.616047392089904,1.6295826108183777,18.688693005671773
2002-07-26,15.893832599120392,13.904706009365343,0.7332687696837561,20.635503134940695
2002-07-27,17.082559722633118,13.369723208371955,0.6452339891543802,20.659835413521584
2002-07-28,16.806917781920607,12.341899379424712,0.45848020504152204,19.526080433113314
2002-07-29,16.880780954390566,11.979127095920617,-0.6312366498332891,19.999933802610407
2002-07-30,16.531231259131296,11.341864193456578,-2.193374283235455,19.414708380331554
2002-07-31,15.943168978313066,11.933310438267462,-2.539318814558657,18.748482955155982
2002-08-01,16.255868323927704,12.367519259809402,-2.3399727940261794,17.92313012172959
2002-08-02,16.32762828900007,13.284913410478396,-3.354112241902136,17.854332067658525
2002-08-03,17.411643989724254,13.678549891223224,-2.6817368478082213,17.721433624886664
2002-08-04,17.43509783193921,13.487889128558988,-2.0022409206607747,18.046834563803607
2002-08-05,17.79594173388667,13.308306512500662,-1.4480920999843065,16.619288508768722
2002-08-06,17.73459198814312,13.238265118414864,0.27098055392100195,16.476748087574745
2002-08-07,19.33649982825927,12.60975151647114,0.15719816378552426,15.654728400230095
2002-08-08,19.108854332632834,12.163325155580264,1.3734292170115987,15.117639296666736
2002-08-09,17.44361775810544,13.193679424783653,1.9738235730971678,15.34715208592809
2002-08-10,16.200512990429267,13.249906880934786,2.0503963408958756,15.206696827086878
2002-08-11,17.89301631429379,12.808196541559521,1.2098888529137315,16.05527559928731
2002-08-12,17.478526475053616,13.241153728047047,0.740537752844022,15.652889921350235
2002-08-13,16.15646620284672,11.804151115688326,-0.8713185587368999,16.18147375349659
2002-08-14,16.812609754794938,11.617599999276361,-0.32551620646230806,16.484286374586794
2002-08-15,14.699562525042712,10.573851294288229,-0.26140878237395143,13.977736723106794
2002-08-16,14.418086913726098,9.937502413384914,-0.9715324928285738,16.62636748478753
2002-08-17,11.931332603651189,9.59443824457367,-1.0884964410004327,14.49161382967183
2002-08-18,11.876352033642984,8.93754128912347,0.7716485373279927,15.967143798463768
2002-08-19,11.224470984209153,8.351050684899393,-1.2925850859314174,16.450947104481507
2002-08-20,11.17324443762824,6.849818081779297,-1.9974045601471238,16.94018305456155
2002-08-21,10.414014837728278,5.888373539035939,-2.3278065512131865,16.045691901246904
2002-08-22,10.79022955685944,6.466850111346291,-2.918994316134712,16.705570247204403
2002-08-23,11.784618325593964,6.486292608449526,-2.9946557701612755,16.711945967467734
2002-08-24,13.186829879932324,8.117528511567908,-4.6759458015952635,16.193590339122075
2002-08-25,14.629282049090069,8.324135418801713,-2.841961939831733,16.96083645081212
2002-08-26,14.345442464155955,7.9795429099794415,-3.018843831278695,15.689186682293442
2002-08-27,15.681967937172146,8.330851242529274,-1.287845276740589,15.897707072066826
2002-08-28,15.124882975313069,8.298214848080521,-2.7435169570504407,16.961285583553337
2002-08-29,16.18097757755963,7.200389846205512,-1.5444449850891866,17.529807141783905
2002-08-30,17.439805001709324,7.253822801828978,-3.5884605681083666,16.939172731531006
2002-08-31,17.606569467513815,7.260531576902959,-3.337362644582208,17.93717627738578
2002-09-01,17.41644319577795,7.578608779952445,-4.591998524732231,17.655205980065183
2002-09-02,16.783323615558587,7.322776955000749,-3.175643296830393,17.663419269778647
2002-09-03,15.448824599578831,7.028336498272731,-3.6254143113026087,17.672147008237783
2002-09-04,16.607033780710644,8.511570826537357,-4.044836006326835,17.530378899466193
2002-09-05,17.43064767065894,8.486844260667725,-5.970458804552952,18.76532813863118
2002-09-06,17.48162161182979,8.484351399813258,-5.124513551374993,20.25929404342733
2002-09-07,17.072810267023716,8.565574715457226,-4.892494363473224,19.34155532711631
2002-09-08,17.62618572803189,6.76973125917047,-4.584156826746337,19.243688317410395
2002-09-09,17.473940076141957,5.550793374731876,-4.4798908093841465,19.737399338821294
2002-09-10,18.85320172847941,7.158286559249047,-3.2664960345943435,19.352411796569125
2002-09-11,20.185088037368423,6.202053490797263,-2.741056640265498,19.814295535229622
2002-09-12,21.096347265627617,7.164863739922444,-2.40106506755469,18.446654481470727
2002-09-13,20.98482536885241,7.079050844932047,0.19310335859774774,18.052633440624028
2002-09-14,20.85582359410652,5.59422277116462,2.1800329913660734,19.304713614470586
2002-09-15,21.787233017130497,5.936047421327753,0.7300396085231216,19.552563278455285
2002-09-16,21.476501271614236,7.126693686359874,2.3859819576704657,20.318112589576963
2002-09-17,20.670895911822274,5.176152791451855,2.1546810925235755,20.368301086396936
2002-09-18,19.26313013671164,5.083371596966036,1.8294009499742205,20.325844810035512
2002-09-19,19.810590265828793,3.1722368735901467,-0.4317109676925377,19.892516639000988
2002-09-20,19.41951811467406,1.1982103357131764,0.243429406648218,19.886273750482165
2002-09-21,18.909827576712217,-1.1492467578793826,-0.20187539306251112,20.80009049974672
2002-09-22,20.98804147455734,-1.3494982543999579,-0.7443611134976299,21.128653372627873
2002-09-23,20.82930580199798,-1.435372277896241,-0.99296717300195,22.638993942532313
2002-09-24,20.81077098881191,-1.1375040753248014,-0.46540905170631963,21.505335222145874
2002-09-25,23.70007992321563,-2.1444837726165096,-1.7929181279479987,20.578282458698038
2002-09-26,23.875606679540912,-1.9977470762855458,-2.334423166557949,20.617106877871276
